[{"id":"shell-10130118","name":"BOUNA","brand":"shell","country_code":"CI","lat":5.21061,"lng":-3.73379,"address":"Bouna ","city":"BOUNA","state":"BOUNA","postcode":"04 BP 424","country":"Côte d'Ivoire","telephone":"+225 05 05 41 4934","fuels":["Unleaded 98","Diesel"],"amenities":["Convenience Store","Toilets","Full Service","Lube Service","Brand Loyalty","Parking","Service Bay"],"payments":["Mobile Payment"],"open24Hours":false,"hours":null,"openStatusRaw":"closed","nextStatusChange":"2026-02-01T06:00:00.901Z","websiteUrl":"https://find.shell.com/ci/fuel/10130118-bouna/en_GH"},{"id":"shell-10130083","name":"MOOSSOOU AUTOROUTE BASSAM","brand":"shell","country_code":"CI","lat":5.22799,"lng":-3.72446,"address":"Bassam autoroute ","city":"BASSAM","state":"BASSAM","postcode":"15 BP 378","country":"Côte d'Ivoire","telephone":"+225 07 07 01 0999","fuels":["Unleaded 98","Diesel"],"amenities":["Fast Food","Convenience Store","Food Store","Toilets","Full Service","Lube Service","Brand Loyalty","Parking","Service Bay"],"payments":["Mobile Payment"],"open24Hours":false,"hours":null,"openStatusRaw":"closed","nextStatusChange":"2026-02-01T06:00:00.930Z","websiteUrl":"https://find.shell.com/ci/fuel/10130083-moossoou-autoroute-bassam/en_GH"},{"id":"shell-10130077","name":"BONOUA","brand":"shell","country_code":"CI","lat":5.27545,"lng":-3.57297,"address":"BONOUA","city":"BONOUA","state":"BONOUA","postcode":"15 BP 378","country":"Côte d'Ivoire","telephone":"+225 07 13 95 8186","fuels":["Unleaded 98","Diesel"],"amenities":["Convenience Store","Toilets","Full Service","Lube Service","Brand Loyalty","Parking","Service Bay"],"payments":["Mobile Payment"],"open24Hours":false,"hours":null,"openStatusRaw":"closed","nextStatusChange":"2026-02-01T06:00:00.955Z","websiteUrl":"https://find.shell.com/ci/fuel/10130077-bonoua/en_GH"},{"id":"shell-10124832","name":"ADIAKE","brand":"shell","country_code":"CI","lat":5.29034,"lng":-3.30882,"address":"Adiaké entrée de Ville","city":"ADIAKE","state":"ADIAKE","postcode":"01 BP 1020","country":"Côte d'Ivoire","telephone":"+225 01 53 60 0362","fuels":["Unleaded 95","Diesel","Unleaded 98"],"amenities":["Convenience Store","Toilets","Full Service","Lube Service","Brand Loyalty","Parking","Service Bay"],"payments":["Mobile Payment"],"open24Hours":false,"hours":null,"openStatusRaw":"closed","nextStatusChange":"2026-02-01T06:00:00.977Z","websiteUrl":"https://find.shell.com/ci/fuel/10124832-adiake/en_GH"},{"id":"shell-10124873","name":"RO PORT BOUET","brand":"shell","country_code":"CI","lat":5.2481,"lng":-3.95031,"address":"Port bouet derrière Warf Route Abidjan","city":"PORT BOUET","state":"ABIDJAN","postcode":"15 BP 378 ","country":"Côte d'Ivoire","telephone":"+225 01 53 60 0143","fuels":["Unleaded 95","Diesel","Unleaded 98"],"amenities":["Convenience Store","Toilets","Full Service","Lube Service","Brand Loyalty","Parking","Service Bay"],"payments":["Mobile Payment"],"open24Hours":false,"hours":null,"openStatusRaw":"closed","nextStatusChange":"2026-02-01T06:00:00.000Z","websiteUrl":"https://find.shell.com/ci/fuel/10124873-ro-port-bouet/en_GH"},{"id":"shell-10130080","name":"AERO CITE","brand":"shell","country_code":"CI","lat":5.26667,"lng":-3.95715,"address":"Port Bouet Route aéroport","city":"PORT BOUET","state":"ABIDJAN","postcode":"15 BP 378","country":"Côte d'Ivoire","telephone":"+225 01 01 75 9950","fuels":["Unleaded 98","Diesel"],"amenities":["Convenience Store","Toilets","Full Service","Lube Service","Brand Loyalty","Parking","Service Bay"],"payments":["Mobile Payment"],"open24Hours":false,"hours":null,"openStatusRaw":"closed","nextStatusChange":"2026-02-01T06:00:00.029Z","websiteUrl":"https://find.shell.com/ci/fuel/10130080-aero-cite/en_GH"},{"id":"shell-10124481","name":"DO N'ZIKRO","brand":"shell","country_code":"CI","lat":5.39315,"lng":-3.40118,"address":"N'zikro, centre ville","city":"N'ZIKRO","state":"N'ZIKRO","postcode":"20 BP 1463","country":"Côte d'Ivoire","telephone":"+225 01 53 60 0363","fuels":["Unleaded 95","Diesel","Unleaded 98"],"amenities":["Convenience Store","Toilets","Full Service","Lube Service","Brand Loyalty","Parking","Service Bay"],"payments":["Mobile Payment"],"open24Hours":false,"hours":null,"openStatusRaw":"closed","nextStatusChange":"2026-02-01T06:00:00.057Z","websiteUrl":"https://find.shell.com/ci/fuel/10124481-do-n-zikro/en_GH"},{"id":"shell-10124902","name":"LA KOUMASSI CAMP COMMANDO","brand":"shell","country_code":"CI","lat":5.28385,"lng":-3.96141,"address":"Koumassi Bia SudRue du Camp Commando","city":"KOUMASSI","state":"ABIDJAN","postcode":"16 BP 378 ","country":"Côte d'Ivoire","telephone":"+225 01 73 25 2546","fuels":["Unleaded 95","Diesel","Unleaded 98"],"amenities":["Convenience Store","Toilets","Full Service","Lube Service","Brand Loyalty","Parking","Service Bay"],"payments":["Mobile Payment"],"open24Hours":false,"hours":null,"openStatusRaw":"closed","nextStatusChange":"2026-02-01T06:00:00.081Z","websiteUrl":"https://find.shell.com/ci/fuel/10124902-la-koumassi-camp-commando/en_GH"},{"id":"shell-10130092","name":"PO BING ROUTE ANAN","brand":"shell","country_code":"CI","lat":5.33983,"lng":-3.85833,"address":"Bingerville carrefour anan ","city":"BINGERVILLE","state":"ABIDJAN","postcode":"10 BP 2726","country":"Côte d'Ivoire","telephone":"+225 05 65 11 7672","fuels":["Unleaded 98","Diesel"],"amenities":["Convenience Store","Toilets","Full Service","Lube Service","Brand Loyalty","Parking","Service Bay"],"payments":["Mobile Payment"],"open24Hours":false,"hours":null,"openStatusRaw":"closed","nextStatusChange":"2026-02-01T06:00:00.104Z","websiteUrl":"https://find.shell.com/ci/fuel/10130092-po-bing-route-anan/en_GH"},{"id":"shell-10124871","name":"PENICHE","brand":"shell","country_code":"CI","lat":5.27816,"lng":-3.98196,"address":"Marcory Boulevard de Marseille près agence Bank of Africa","city":"MARCORY","state":"ABIDJAN","postcode":"01 BP 458","country":"Côte d'Ivoire","telephone":"+225 01 02 03 4960","fuels":["Unleaded 95","Diesel","Unleaded 98"],"amenities":["Convenience Store","Toilets","Full Service","Lube Service","Brand Loyalty","Parking","Service Bay"],"payments":["Mobile Payment"],"open24Hours":false,"hours":null,"openStatusRaw":"closed","nextStatusChange":"2026-02-01T06:00:00.128Z","websiteUrl":"https://find.shell.com/ci/fuel/10124871-peniche/en_GH"},{"id":"shell-10124870","name":"KOUMASSI ZI","brand":"shell","country_code":"CI","lat":5.29551,"lng":-3.9542,"address":"Koumassi Zone Industrielle Rue des Scieurs ancien cimetière","city":"KOUMASSI","state":"ABIDJAN","postcode":"15 BP 378 ","country":"Côte d'Ivoire","telephone":"+225 01 73 25 2546","fuels":["Unleaded 95","Diesel","Unleaded 98"],"amenities":["Convenience Store","Toilets","Full Service","Lube Service","Brand Loyalty","Parking","Service Bay"],"payments":["Mobile Payment"],"open24Hours":false,"hours":null,"openStatusRaw":"closed","nextStatusChange":"2026-02-01T06:00:00.150Z","websiteUrl":"https://find.shell.com/ci/fuel/10124870-koumassi-zi/en_GH"},{"id":"shell-10124825","name":"PREMOTO","brand":"shell","country_code":"CI","lat":5.26757,"lng":-4.00268,"address":"Port bouët Zone portuaire Boulevard de Vridi Premeto","city":"PORT BOUET","state":"ABIDJAN","postcode":"15 BP 378 ","country":"Côte d'Ivoire","telephone":"+225 01 53 60 0143","fuels":["Unleaded 95","Diesel","Unleaded 98"],"amenities":["Convenience Store","Toilets","Full Service","Lube Service","Brand Loyalty","Parking","Service Bay"],"payments":["Mobile Payment"],"open24Hours":false,"hours":null,"openStatusRaw":"closed","nextStatusChange":"2026-02-01T06:00:00.171Z","websiteUrl":"https://find.shell.com/ci/fuel/10124825-premoto/en_GH"},{"id":"shell-10130095","name":"DO BOUAKE GRDE MAIRIE","brand":"shell","country_code":"CI","lat":5.26387,"lng":-4.01317,"address":"Bouaké,Andokoro","city":"BOUAKE","state":"BOUAKE","postcode":"15 BP 378 ","country":"Côte d'Ivoire","telephone":"+225 07 78 14 3338","fuels":["Unleaded 98","Diesel"],"amenities":["Convenience Store","Toilets","Full Service","Lube Service","Brand Loyalty","Parking","Service Bay"],"payments":["Mobile Payment"],"open24Hours":false,"hours":null,"openStatusRaw":"closed","nextStatusChange":"2026-02-01T06:00:00.193Z","websiteUrl":"https://find.shell.com/ci/fuel/10130095-do-bouake-grde-mairie/en_GH"},{"id":"shell-10124826","name":"ZONE 4C","brand":"shell","country_code":"CI","lat":5.28654,"lng":-3.97821,"address":"Marcory Zone 4c Rue Paul LANGEVIN","city":"MARCORY","state":"ABIDJAN","postcode":"01 BP 26 A","country":"Côte d'Ivoire","telephone":"+225 07 07 61 8987","fuels":["Unleaded 95","Diesel","Unleaded 98"],"amenities":["Convenience Store","Food Store","Toilets","Full Service","Lube Service","Brand Loyalty","Parking","Fast Food","Service Bay","Tyres & Batteries"],"payments":["Mobile Payment"],"open24Hours":false,"hours":null,"openStatusRaw":"closed","nextStatusChange":"2026-02-01T06:00:00.215Z","websiteUrl":"https://find.shell.com/ci/fuel/10124826-zone-4c/en_GH"},{"id":"shell-10124884","name":"RO BOULEVARD DU GABON","brand":"shell","country_code":"CI","lat":5.29289,"lng":-3.97321,"address":"Koumassi Boulevard du Gabon","city":"MARCORY","state":"ABIDJAN","postcode":"01 BP 105","country":"Côte d'Ivoire","telephone":"+225 05 05 05 2670","fuels":["Unleaded 95","Diesel","Unleaded 98"],"amenities":["Convenience Store","Toilets","Full Service","Lube Service","Brand Loyalty","Parking","Service Bay"],"payments":["Mobile Payment"],"open24Hours":false,"hours":null,"openStatusRaw":"closed","nextStatusChange":"2026-02-01T06:00:00.236Z","websiteUrl":"https://find.shell.com/ci/fuel/10124884-ro-boulevard-du-gabon/en_GH"},{"id":"shell-10124878","name":"KOUMASSI REMBLAIS","brand":"shell","country_code":"CI","lat":5.29631,"lng":-3.96837,"address":"Koumassi Remblais","city":"KOUMASSI","state":"ABIDJAN","postcode":"12 BP 793 ","country":"Côte d'Ivoire","telephone":"+225 07 07 02 7302","fuels":["Unleaded 95","Diesel","Unleaded 98"],"amenities":["Convenience Store","Toilets","Full Service","Lube Service","Brand Loyalty","Parking","Service Bay"],"payments":["Mobile Payment"],"open24Hours":false,"hours":null,"openStatusRaw":"closed","nextStatusChange":"2026-02-01T06:00:00.257Z","websiteUrl":"https://find.shell.com/ci/fuel/10124878-koumassi-remblais/en_GH"},{"id":"shell-10124881","name":"AMECA 2","brand":"shell","country_code":"CI","lat":5.29361,"lng":-3.975,"address":"Marcory Boulevard du Gabon , gare UTB","city":"MARCORY","state":"ABIDJAN","postcode":"01 BP 105","country":"Côte d'Ivoire","telephone":"+225 05 05 05 2670","fuels":["Unleaded 95","Diesel","Unleaded 98"],"amenities":["Convenience Store","Toilets","Full Service","Lube Service","Brand Loyalty","Parking","Service Bay"],"payments":["Mobile Payment"],"open24Hours":false,"hours":null,"openStatusRaw":"closed","nextStatusChange":"2026-02-01T06:00:00.278Z","websiteUrl":"https://find.shell.com/ci/fuel/10124881-ameca-2/en_GH"},{"id":"shell-10130105","name":"DELTA KOUMASSI","brand":"shell","country_code":"CI","lat":5.3031,"lng":-3.9635,"address":"Koumassi ","city":"KOUMASSI","state":"ABIDJAN","postcode":"15 BP 378","country":"Côte d'Ivoire","telephone":"+225 01 40 88 8300","fuels":["Unleaded 98","Diesel"],"amenities":["Convenience Store","Toilets","Full Service","Lube Service","Brand Loyalty","Parking","Service Bay"],"payments":["Mobile Payment"],"open24Hours":false,"hours":null,"openStatusRaw":"closed","nextStatusChange":"2026-02-01T06:00:00.299Z","websiteUrl":"https://find.shell.com/ci/fuel/10130105-delta-koumassi/en_GH"},{"id":"shell-10124897","name":"LA MARCORY BOULEVARD DU GABON","brand":"shell","country_code":"CI","lat":5.29618,"lng":-3.97969,"address":"Marcory boulevard du Gabon non loin de la Pharmacie Tiacoh","city":"MARCORY","state":"ABIDJAN","postcode":"15 BP 378 ","country":"Côte d'Ivoire","telephone":"+225 01 53 60 0143","fuels":["Unleaded 95","Diesel","Unleaded 98"],"amenities":["Convenience Store","Toilets","Full Service","Lube Service","Brand Loyalty","Parking","Service Bay"],"payments":["Mobile Payment"],"open24Hours":false,"hours":null,"openStatusRaw":"closed","nextStatusChange":"2026-02-01T06:00:00.321Z","websiteUrl":"https://find.shell.com/ci/fuel/10124897-la-marcory-boulevard-du-gabon/en_GH"},{"id":"shell-10124861","name":"PIERRE MARIE CURIE","brand":"shell","country_code":"CI","lat":5.2945,"lng":-3.98254,"address":"Marcory Rue Pierre et Marie Curie descente Pont HKB","city":"MARCORY","state":"ABIDJAN","postcode":"15 BP 378 ","country":"Côte d'Ivoire","telephone":"+225 01 53 60 0143","fuels":["Unleaded 95","Diesel","Unleaded 98"],"amenities":["ATM","Convenience Store","Food Store","Toilets","Full Service","Lube Service","Brand Loyalty","Parking","Fast Food","Service Bay","Other"],"payments":["Mobile Payment"],"open24Hours":false,"hours":null,"openStatusRaw":"closed","nextStatusChange":"2026-02-01T06:00:00.344Z","websiteUrl":"https://find.shell.com/ci/fuel/10124861-pierre-marie-curie/en_GH"},{"id":"shell-10124843","name":"PO ANOUMABO","brand":"shell","country_code":"CI","lat":5.30673,"lng":-3.96417,"address":"Marcory Anoumabo, pont Aliodan","city":"MARCORY","state":"ABIDJAN","postcode":"15 BP 378 ","country":"Côte d'Ivoire","telephone":"+225 01 53 60 0143","fuels":["Unleaded 95","Diesel","Unleaded 98"],"amenities":["Convenience Store","Toilets","Full Service","Lube Service","Brand Loyalty","Parking","Service Bay"],"payments":["Mobile Payment"],"open24Hours":false,"hours":null,"openStatusRaw":"closed","nextStatusChange":"2026-02-01T06:00:00.364Z","websiteUrl":"https://find.shell.com/ci/fuel/10124843-po-anoumabo/en_GH"},{"id":"shell-10130103","name":"AP BENSON","brand":"shell","country_code":"CI","lat":5.302,"lng":-3.987,"address":"Marcory ","city":"MARORY","state":"ABIDJAN","postcode":"15 BP 378 ","country":"Côte d'Ivoire","telephone":"+225 05 54 06 1490","fuels":["Unleaded 98","Diesel"],"amenities":["Convenience Store","Toilets","Full Service","Lube Service","Brand Loyalty","Parking","Service Bay"],"payments":["Mobile Payment"],"open24Hours":false,"hours":null,"openStatusRaw":"closed","nextStatusChange":"2026-02-01T06:00:00.386Z","websiteUrl":"https://find.shell.com/ci/fuel/10130103-ap-benson/en_GH"},{"id":"shell-10130100","name":"AP MAGIC","brand":"shell","country_code":"CI","lat":5.305,"lng":-3.984,"address":"Marcory ","city":"MARCORY","state":"ABIDJAN","postcode":"15 BP 378 ","country":"Côte d'Ivoire","telephone":"+225 07 02 94 8661","fuels":["Unleaded 98","Diesel"],"amenities":["Convenience Store","Toilets","Full Service","Lube Service","Brand Loyalty","Parking","Service Bay"],"payments":["Mobile Payment"],"open24Hours":false,"hours":null,"openStatusRaw":"closed","nextStatusChange":"2026-02-01T06:00:00.406Z","websiteUrl":"https://find.shell.com/ci/fuel/10130100-ap-magic/en_GH"},{"id":"shell-10124894","name":"HOPITAL","brand":"shell","country_code":"CI","lat":5.29403,"lng":-4.00195,"address":"Treichville CHU Boulevard de Marseille","city":"TREICHVILLE","state":"ABIDJAN","postcode":"15 BP 378 ","country":"Côte d'Ivoire","telephone":"+225 01 53 60 0143","fuels":["Unleaded 95","Diesel","Unleaded 98"],"amenities":["Convenience Store","Food Store","Toilets","Full Service","Lube Service","Brand Loyalty","Other","Parking","Service Bay"],"payments":["Mobile Payment"],"open24Hours":false,"hours":null,"openStatusRaw":"closed","nextStatusChange":"2026-02-01T06:00:00.426Z","websiteUrl":"https://find.shell.com/ci/fuel/10124894-hopital/en_GH"},{"id":"shell-10124895","name":"MARCORY SAINTE THERESE","brand":"shell","country_code":"CI","lat":5.30389,"lng":-3.98808,"address":"Marcory Boulevard de lorraine Eglise ste Thérèse","city":"MARCORY","state":"ABIDJAN","postcode":"10 BP 2370","country":"Côte d'Ivoire","telephone":"+225 07 07 01 2112","fuels":["Unleaded 95","Diesel","Unleaded 98"],"amenities":["Fast Food","Convenience Store","Food Store","Toilets","Full Service","Lube Service","Brand Loyalty","Other","Parking","Service Bay"],"payments":["Mobile Payment"],"open24Hours":false,"hours":null,"openStatusRaw":"closed","nextStatusChange":"2026-02-01T06:00:00.455Z","websiteUrl":"https://find.shell.com/ci/fuel/10124895-marcory-sainte-therese/en_GH"},{"id":"shell-10124828","name":"MARCORY GFCI 2","brand":"shell","country_code":"CI","lat":5.30823,"lng":-3.98488,"address":"Marcory INJS Terminus des Bus","city":"MARCORY","state":"ABIDJAN","postcode":"01 BP 3591","country":"Côte d'Ivoire","telephone":"+225 01 41 30 3310","fuels":["Unleaded 95","Diesel","Unleaded 98"],"amenities":["ATM","Convenience Store","Toilets","Full Service","Lube Service","Brand Loyalty","Parking","Service Bay","Other"],"payments":["Mobile Payment"],"open24Hours":false,"hours":null,"openStatusRaw":"closed","nextStatusChange":"2026-02-01T06:00:00.478Z","websiteUrl":"https://find.shell.com/ci/fuel/10124828-marcory-gfci-2/en_GH"},{"id":"shell-10124834","name":"MARCORY GFCI 1","brand":"shell","country_code":"CI","lat":5.30849,"lng":-3.98446,"address":"Marcory INJS Terminus des Bus","city":"MARCORY","state":"ABIDJAN","postcode":"01 BP 3591","country":"Côte d'Ivoire","telephone":"+225 01 41 30 3310","fuels":["Unleaded 95","Diesel","Unleaded 98"],"amenities":["Convenience Store","Toilets","Full Service","Lube Service","Brand Loyalty","Parking","Service Bay"],"payments":["Mobile Payment"],"open24Hours":false,"hours":null,"openStatusRaw":"closed","nextStatusChange":"2026-02-01T06:00:00.500Z","websiteUrl":"https://find.shell.com/ci/fuel/10124834-marcory-gfci-1/en_GH"},{"id":"shell-10124856","name":"AUTOROUTE SUD","brand":"shell","country_code":"CI","lat":5.29813,"lng":-4.00174,"address":"Treichville Boulevard VGE près Ivosep","city":"TREICHVILLE","state":"ABIDJAN","postcode":"01 BP 7924","country":"Côte d'Ivoire","telephone":"+225 01 02 02 1398","fuels":["Unleaded 95","Diesel","Unleaded 98"],"amenities":["Fast Food","Convenience Store","Food Store","Toilets","Full Service","Lube Service","Brand Loyalty","Parking","Service Bay"],"payments":["Mobile Payment"],"open24Hours":false,"hours":null,"openStatusRaw":"closed","nextStatusChange":"2026-02-01T06:00:00.521Z","websiteUrl":"https://find.shell.com/ci/fuel/10124856-autoroute-sud/en_GH"},{"id":"shell-10124830","name":"BOXING CLUB","brand":"shell","country_code":"CI","lat":5.29862,"lng":-4.00431,"address":"Treichville Boulevard VGE Boxing club","city":"TREICHVILLE","state":"ABIDJAN","postcode":"09 BP 594 ","country":"Côte d'Ivoire","telephone":"+225 07 07 07 2085","fuels":["Unleaded 95","Diesel","Unleaded 98"],"amenities":["Convenience Store","Toilets","Full Service","Lube Service","Brand Loyalty","Parking","Service Bay"],"payments":["Mobile Payment"],"open24Hours":false,"hours":null,"openStatusRaw":"closed","nextStatusChange":"2026-02-01T06:00:00.542Z","websiteUrl":"https://find.shell.com/ci/fuel/10124830-boxing-club/en_GH"},{"id":"shell-10124901","name":"MARCORY RESIDENTIEL","brand":"shell","country_code":"CI","lat":5.30781,"lng":-3.99487,"address":"Marcory Residentiel Rue de la paix","city":"MARCORY","state":"ABIDJAN","postcode":"09 BP 1062","country":"Côte d'Ivoire","telephone":"+225 01 53 60 0285","fuels":["Unleaded 95","Diesel","Unleaded 98"],"amenities":["Convenience Store","Toilets","Full Service","Lube Service","Brand Loyalty","Parking","Service Bay"],"payments":["Mobile Payment"],"open24Hours":false,"hours":null,"openStatusRaw":"closed","nextStatusChange":"2026-02-01T06:00:00.562Z","websiteUrl":"https://find.shell.com/ci/fuel/10124901-marcory-residentiel/en_GH"},{"id":"shell-10124888","name":"NOTRE DAME","brand":"shell","country_code":"CI","lat":5.30349,"lng":-4.00411,"address":"Treichville Boulevard Nanan Yamousso Eglise notre Dame","city":"TREICHVILLE","state":"ABIDJAN","postcode":"15 BP 378 ","country":"Côte d'Ivoire","telephone":"+225 01 53 60 0143","fuels":["Unleaded 95","Diesel","Unleaded 98"],"amenities":["Convenience Store","Toilets","Full Service","Lube Service","Brand Loyalty","Parking","Service Bay"],"payments":["Mobile Payment"],"open24Hours":false,"hours":null,"openStatusRaw":"closed","nextStatusChange":"2026-02-01T06:00:00.584Z","websiteUrl":"https://find.shell.com/ci/fuel/10124888-notre-dame/en_GH"},{"id":"shell-10124831","name":"HABITAT","brand":"shell","country_code":"CI","lat":5.3092,"lng":-4.00558,"address":"Treichville Boulevard Nanan Yamousso","city":"TREICHVILLE","state":"ABIDJAN","postcode":"01 BP 6437","country":"Côte d'Ivoire","telephone":"+225 07 07 07 9175","fuels":["Unleaded 95","Diesel","Unleaded 98"],"amenities":["Convenience Store","Toilets","Full Service","Lube Service","Brand Loyalty","Parking","Service Bay"],"payments":["Mobile Payment"],"open24Hours":false,"hours":null,"openStatusRaw":"closed","nextStatusChange":"2026-02-01T06:00:00.605Z","websiteUrl":"https://find.shell.com/ci/fuel/10124831-habitat/en_GH"},{"id":"shell-10124845","name":"AVENUE CHRISTIANI","brand":"shell","country_code":"CI","lat":5.30879,"lng":-4.01639,"address":"Treichville Boulevard Delafosse Avenue Christiani","city":"TREICHVILLE","state":"ABIDJAN","postcode":"15 BP 378 ","country":"Côte d'Ivoire","telephone":"+225 01 53 60 0143","fuels":["Unleaded 95","Diesel","Unleaded 98"],"amenities":["Convenience Store","Toilets","Full Service","Lube Service","Brand Loyalty","Parking","Service Bay"],"payments":["Mobile Payment"],"open24Hours":false,"hours":null,"openStatusRaw":"closed","nextStatusChange":"2026-02-01T06:00:00.625Z","websiteUrl":"https://find.shell.com/ci/fuel/10124845-avenue-christiani/en_GH"},{"id":"shell-10124905","name":"RIVIERAMALINDI","brand":"shell","country_code":"CI","lat":5.33903,"lng":-3.975,"address":"Cocody Riviera Golf","city":"COCODY","state":"ABIDJAN","postcode":"05 BP 152 ","country":"Côte d'Ivoire","telephone":"+225 27 21 2 45929","fuels":["Unleaded 95","Diesel","Unleaded 98"],"amenities":["Convenience Store","Toilets","Full Service","Lube Service","Brand Loyalty","Parking","Service Bay"],"payments":["Mobile Payment"],"open24Hours":false,"hours":null,"openStatusRaw":"closed","nextStatusChange":"2026-02-01T06:00:00.645Z","websiteUrl":"https://find.shell.com/ci/fuel/10124905-rivieramalindi/en_GH"},{"id":"shell-10124892","name":"RIVIERA GOLF","brand":"shell","country_code":"CI","lat":5.33978,"lng":-3.97625,"address":"Cocody Riviera Golf","city":"COCODY","state":"ABIDJAN","postcode":"05 BP 152 ","country":"Côte d'Ivoire","telephone":"+225 27 21 2 45929","fuels":["Unleaded 95","Diesel","Unleaded 98"],"amenities":["ATM","Convenience Store","Self Service","Toilets","Full Service","Lube Service","Brand Loyalty","Parking","Service Bay","Other","Tyres & Batteries"],"payments":["Mobile Payment"],"open24Hours":false,"hours":null,"openStatusRaw":"closed","nextStatusChange":"2026-02-01T06:00:00.672Z","websiteUrl":"https://find.shell.com/ci/fuel/10124892-riviera-golf/en_GH"},{"id":"shell-10124862","name":"Université 2","brand":"shell","country_code":"CI","lat":5.33658,"lng":-3.9869,"address":"Cocody, Université FHB, en bordure du Boulevard de France","city":"COCODY","state":"ABIDJAN","postcode":"01 BP 1266","country":"Côte d'Ivoire","telephone":"+225 07 07 06 8833","fuels":["Unleaded 95","Diesel","Unleaded 98"],"amenities":["Convenience Store","Food Store","Toilets","Full Service","Lube Service","Brand Loyalty","Parking","Fast Food","Service Bay"],"payments":["Mobile Payment"],"open24Hours":false,"hours":null,"openStatusRaw":"closed","nextStatusChange":"2026-02-01T06:00:00.693Z","websiteUrl":"https://find.shell.com/ci/fuel/10124862-universite-2/en_GH"},{"id":"shell-10124835","name":"PO JULES VERNES","brand":"shell","country_code":"CI","lat":5.37413,"lng":-3.92484,"address":"Riviera palmeraie, route Bingerville-Abidjan, Ecole JULESVERNE.","city":"COCODY","state":"ABIDJAN","postcode":"28 BP 1608","country":"Côte d'Ivoire","telephone":"+225 07 07 86 5560","fuels":["Unleaded 95","Diesel","Unleaded 98"],"amenities":["ATM","Convenience Store","Toilets","Full Service","Lube Service","Brand Loyalty","Parking","Service Bay","Other"],"payments":["Mobile Payment"],"open24Hours":false,"hours":null,"openStatusRaw":"closed","nextStatusChange":"2026-02-01T06:00:00.713Z","websiteUrl":"https://find.shell.com/ci/fuel/10124835-po-jules-vernes/en_GH"},{"id":"shell-10124393","name":"PARIS","brand":"shell","country_code":"CI","lat":5.32334,"lng":-4.01714,"address":"Plateau Avenue Chardy Radio Nostalgie","city":"PLATEAU","state":"ABIDJAN","postcode":"25 BP 1324","country":"Côte d'Ivoire","telephone":"+225 07 49 78 7017","fuels":["Unleaded 95","Diesel","Unleaded 98"],"amenities":["Convenience Store","Toilets","Full Service","Lube Service","Brand Loyalty","Parking","Service Bay"],"payments":["Mobile Payment"],"open24Hours":false,"hours":null,"openStatusRaw":"closed","nextStatusChange":"2026-02-01T06:00:00.734Z","websiteUrl":"https://find.shell.com/ci/fuel/10124393-paris/en_GH"},{"id":"shell-10124891","name":"LA RIVIERA ANONO","brand":"shell","country_code":"CI","lat":5.34819,"lng":-3.97554,"address":"Cocody Anono route carrefour Riviera 2","city":"COCODY","state":"ABIDJAN","postcode":"05 BP 152 ","country":"Côte d'Ivoire","telephone":"+225 27 21 2 45929","fuels":["Unleaded 95","Diesel","Unleaded 98"],"amenities":["Convenience Store","Toilets","Full Service","Lube Service","Brand Loyalty","Parking","Service Bay"],"payments":["Mobile Payment"],"open24Hours":false,"hours":null,"openStatusRaw":"closed","nextStatusChange":"2026-02-01T06:00:00.755Z","websiteUrl":"https://find.shell.com/ci/fuel/10124891-la-riviera-anono/en_GH"},{"id":"shell-10124851","name":"PO ABATTA","brand":"shell","country_code":"CI","lat":5.37162,"lng":-3.93173,"address":"Riviera palmeraie, route Bingerville entre Carrefour Génie 2000 et Carrefour Abatta","city":"COCODY","state":"ABIDJAN","postcode":"01 BP 1206","country":"Côte d'Ivoire","telephone":"+225 07 07 02 2762","fuels":["Unleaded 95","Diesel","Unleaded 98"],"amenities":["Fast Food","Convenience Store","Food Store","Toilets","Full Service","Lube Service","Brand Loyalty","Other","Parking","Service Bay"],"payments":["Mobile Payment"],"open24Hours":false,"hours":null,"openStatusRaw":"closed","nextStatusChange":"2026-02-01T06:00:00.801Z","websiteUrl":"https://find.shell.com/ci/fuel/10124851-po-abatta/en_GH"},{"id":"shell-10124509","name":"COCODY","brand":"shell","country_code":"CI","lat":5.33555,"lng":-4.00136,"address":"Cocody Saint Jean Boulevard de France","city":"COCODY","state":"ABIDJAN","postcode":"08 BP 202","country":"Côte d'Ivoire","telephone":"+225 01 51 68 5487","fuels":["Unleaded 95","Diesel","Unleaded 98"],"amenities":["ATM","Fast Food","Convenience Store","Food Store","Toilets","Full Service","Lube Service","Brand Loyalty","Parking","Service Bay","Other"],"payments":["Mobile Payment"],"open24Hours":false,"hours":null,"openStatusRaw":"closed","nextStatusChange":"2026-02-01T06:00:00.868Z","websiteUrl":"https://find.shell.com/ci/fuel/10124509-cocody/en_GH"},{"id":"shell-10124448","name":"LAGUNAIRE","brand":"shell","country_code":"CI","lat":5.32648,"lng":-4.01657,"address":"Plateau Boulevard lagunaire Stade Felix Houphouet Boigny","city":"PLATEAU","state":"ABIDJAN","postcode":"15 BP 378","country":"Côte d'Ivoire","telephone":"+225 27 21 7 52727","fuels":["Unleaded 95","Diesel","Unleaded 98"],"amenities":["Convenience Store","Toilets","Full Service","Lube Service","Brand Loyalty","Parking","Service Bay"],"payments":["Mobile Payment"],"open24Hours":false,"hours":null,"openStatusRaw":"closed","nextStatusChange":"2026-02-01T06:00:00.915Z","websiteUrl":"https://find.shell.com/ci/fuel/10124448-lagunaire/en_GH"},{"id":"shell-10124900","name":"RIVIERA CAP NORD","brand":"shell","country_code":"CI","lat":5.35618,"lng":-3.96763,"address":"Cocody Riviera 3 face Cap Nord","city":"COCODY","state":"ABIDJAN","postcode":"28 BP 1608","country":"Côte d'Ivoire","telephone":"+225 07 07 86 5560","fuels":["Unleaded 95","Diesel","Unleaded 98"],"amenities":["Convenience Store","Toilets","Full Service","Lube Service","Brand Loyalty","Parking","Service Bay"],"payments":["Mobile Payment"],"open24Hours":false,"hours":null,"openStatusRaw":"closed","nextStatusChange":"2026-02-01T06:00:00.951Z","websiteUrl":"https://find.shell.com/ci/fuel/10124900-riviera-cap-nord/en_GH"},{"id":"shell-10124571","name":"BONOUMIN","brand":"shell","country_code":"CI","lat":5.35859,"lng":-3.96433,"address":"Cocody Bonoumin Route Bingerville près Pharmacie Bd Mitterand","city":"COCODY","state":"ABIDJAN","postcode":"15 BP 378","country":"Côte d'Ivoire","telephone":"+225 05 05 23 2717","fuels":["Unleaded 95","Diesel","Unleaded 98"],"amenities":["Convenience Store","Toilets","Full Service","Lube Service","Brand Loyalty","Parking","Service Bay"],"payments":["Mobile Payment"],"open24Hours":false,"hours":null,"openStatusRaw":"closed","nextStatusChange":"2026-02-01T06:00:00.988Z","websiteUrl":"https://find.shell.com/ci/fuel/10124571-bonoumin/en_GH"},{"id":"shell-10124846","name":"ROUME","brand":"shell","country_code":"CI","lat":5.32567,"lng":-4.02294,"address":"Plateau Boulevard Roume Hotel Ibis","city":"PLATEAU","state":"ABIDJAN","postcode":"01 BP 1206","country":"Côte d'Ivoire","telephone":"+225 07 07 02 2762","fuels":["Unleaded 95","Diesel","Unleaded 98"],"amenities":["Fast Food","Convenience Store","Food Store","Toilets","Full Service","Lube Service","Brand Loyalty","Other","Parking","Service Bay"],"payments":["Mobile Payment"],"open24Hours":false,"hours":null,"openStatusRaw":"closed","nextStatusChange":"2026-02-01T06:00:00.052Z","websiteUrl":"https://find.shell.com/ci/fuel/10124846-roume/en_GH"},{"id":"shell-10124384","name":"PO YOPOUGON KOWEIT","brand":"shell","country_code":"CI","lat":5.32032,"lng":-4.04386,"address":"Attécoubé, quartier Abobodoumé, axe bateau Bus-Koweit, avant quartier AWA.","city":"YOPOUGON","state":"ABIDJAN","postcode":"15 BP 378","country":"Côte d'Ivoire","telephone":"+225 01 01 15 5155","fuels":["Unleaded 95","Diesel","Unleaded 98"],"amenities":["Convenience Store","Toilets","Full Service","Lube Service","Brand Loyalty","Parking","Service Bay"],"payments":["Mobile Payment"],"open24Hours":false,"hours":null,"openStatusRaw":"closed","nextStatusChange":"2026-02-01T06:00:00.102Z","websiteUrl":"https://find.shell.com/ci/fuel/10124384-po-yopougon-koweit/en_GH"},{"id":"shell-10124407","name":"SORTIE RUE DES JARDINS","brand":"shell","country_code":"CI","lat":5.35438,"lng":-3.99549,"address":"Cocody II Plateaux sortie Rue des Jardins","city":"COCODY","state":"ABIDJAN","postcode":"15 BP 378","country":"Côte d'Ivoire","telephone":"+225 27 21 7 52727","fuels":["Unleaded 95","Diesel","Unleaded 98"],"amenities":["Fast Food","Convenience Store","Food Store","Toilets","Full Service","Lube Service","Brand Loyalty","Other","Parking","Service Bay"],"payments":["Mobile Payment"],"open24Hours":false,"hours":null,"openStatusRaw":"closed","nextStatusChange":"2026-02-01T06:00:00.125Z","websiteUrl":"https://find.shell.com/ci/fuel/10124407-sortie-rue-des-jardins/en_GH"},{"id":"shell-10124457","name":"LA YOPOUGON KOWEIT","brand":"shell","country_code":"CI","lat":5.3219,"lng":-4.04926,"address":"Yopougon Koweit Route Bateau Bus","city":"YOPOUGON","state":"ABIDJAN","postcode":"09 BP 2955","country":"Côte d'Ivoire","telephone":"+225 01 01 24 5617","fuels":["Unleaded 95","Diesel","Unleaded 98"],"amenities":["Convenience Store","Toilets","Full Service","Lube Service","Brand Loyalty","Parking","Service Bay"],"payments":["Mobile Payment"],"open24Hours":false,"hours":null,"openStatusRaw":"closed","nextStatusChange":"2026-02-01T06:00:00.147Z","websiteUrl":"https://find.shell.com/ci/fuel/10124457-la-yopougon-koweit/en_GH"},{"id":"shell-10124906","name":"COCODY LYCEE TECHNIQUE","brand":"shell","country_code":"CI","lat":5.34765,"lng":-4.010926,"address":"Cocody Quartier lycée technique","city":"COCODY","state":"ABIDJAN","postcode":"05 BP 152 ","country":"Côte d'Ivoire","telephone":"+225 27 21 2 45929","fuels":["Unleaded 95","Diesel","Unleaded 98"],"amenities":["Convenience Store","Toilets","Full Service","Lube Service","Brand Loyalty","Parking","Service Bay"],"payments":["Mobile Payment"],"open24Hours":false,"hours":null,"openStatusRaw":"closed","nextStatusChange":"2026-02-01T06:00:00.169Z","websiteUrl":"https://find.shell.com/ci/fuel/10124906-cocody-lycee-technique/en_GH"},{"id":"shell-10124837","name":"BOULEVARD MITTERAND","brand":"shell","country_code":"CI","lat":5.35427,"lng":-4.01033,"address":"Voie Adjamé, vers l'anciennce gare de Bingerville","city":"BANGOLO","state":"ABIDJAN","postcode":"05 BP 152 ","country":"Côte d'Ivoire","telephone":"+225 27 21 2 45929","fuels":["Unleaded 95","Diesel","Unleaded 98"],"amenities":["Fast Food","Convenience Store","Food Store","Toilets","Full Service","Lube Service","Brand Loyalty","Parking","Service Bay"],"payments":["Mobile Payment"],"open24Hours":false,"hours":null,"openStatusRaw":"closed","nextStatusChange":"2026-02-01T06:00:00.191Z","websiteUrl":"https://find.shell.com/ci/fuel/10124837-boulevard-mitterand/en_GH"},{"id":"shell-10124841","name":"ABOISSO MALINDI","brand":"shell","country_code":"CI","lat":5.46895,"lng":-3.20684,"address":"Aboisso Commerce","city":"ABOISSO","state":"ABOISSO","postcode":"01 BP 1020","country":"Côte d'Ivoire","telephone":"+225 01 53 60 0362","fuels":["Unleaded 95","Diesel","Unleaded 98"],"amenities":["Convenience Store","Toilets","Full Service","Lube Service","Brand Loyalty","Parking","Service Bay"],"payments":["Mobile Payment"],"open24Hours":false,"hours":null,"openStatusRaw":"closed","nextStatusChange":"2026-02-01T06:00:00.714Z","websiteUrl":"https://find.shell.com/ci/fuel/10124841-aboisso-malindi/en_GH"},{"id":"shell-10130085","name":"ANGRE CHU","brand":"shell","country_code":"CI","lat":5.397,"lng":-3.956,"address":"Angre ","city":"ANGRE","state":"ABIDJAN","postcode":"15 BP 378","country":"Côte d'Ivoire","telephone":"+225 07 47 02 6104","fuels":["Unleaded 98","Diesel"],"amenities":["ATM","Fast Food","Convenience Store","Food Store","Toilets","Full Service","Lube Service","Brand Loyalty","Parking","Service Bay","Other"],"payments":["Mobile Payment"],"open24Hours":false,"hours":null,"openStatusRaw":"closed","nextStatusChange":"2026-02-01T06:00:00.662Z","websiteUrl":"https://find.shell.com/ci/fuel/10130085-angre-chu/en_GH"},{"id":"shell-10124849","name":"LA ANGRE 8eme TRANCHE","brand":"shell","country_code":"CI","lat":5.38931,"lng":-3.97545,"address":"Cocody Angré 8ème Tranche CNPS","city":"COCODY","state":"ABIDJAN","postcode":"08 BP 1891","country":"Côte d'Ivoire","telephone":"+225 07 07 07 1026","fuels":["Unleaded 95","Diesel","Unleaded 98"],"amenities":["Convenience Store","Cafe","Food Store","Brand Loyalty","Fast Food","Toilets","Full Service"],"payments":["Mobile Payment"],"open24Hours":false,"hours":null,"openStatusRaw":"closed","nextStatusChange":"2026-02-01T06:00:00.201Z","websiteUrl":"https://find.shell.com/ci/fuel/10124849-la-angre-8eme-tranche/en_GH"},{"id":"shell-10130087","name":"ANGRE 7EME TRANCHE 2","brand":"shell","country_code":"CI","lat":5.38473,"lng":-3.98746,"address":"Cocody Angre Café de Versailles","city":"ANGRE","state":"ABIDJAN","postcode":"15 BP 378","country":"Côte d'Ivoire","telephone":"+225 07 78 84 5356","fuels":["Unleaded 98","Diesel"],"amenities":["Convenience Store","Food Store","Toilets","Full Service","Lube Service","Brand Loyalty","Parking","Fast Food","Service Bay"],"payments":["Mobile Payment"],"open24Hours":false,"hours":null,"openStatusRaw":"closed","nextStatusChange":"2026-02-01T06:00:00.494Z","websiteUrl":"https://find.shell.com/ci/fuel/10130087-angre-7eme-tranche-2/en_GH"},{"id":"shell-10130097","name":"DELTA APROMPROM","brand":"shell","country_code":"CI","lat":6.21767,"lng":-3.31121,"address":"Ebilassokro","city":"EBILASSOKRO","state":"EBILASSOKRO","postcode":"04 BP 424","country":"Côte d'Ivoire","telephone":"+225 07 07 09 6757","fuels":["Unleaded 98","Diesel"],"amenities":["Convenience Store","Toilets","Full Service","Lube Service","Brand Loyalty","Parking","Service Bay"],"payments":["Mobile Payment"],"open24Hours":false,"hours":null,"openStatusRaw":"closed","nextStatusChange":"2026-02-01T06:00:00.850Z","websiteUrl":"https://find.shell.com/ci/fuel/10130097-delta-apromprom/en_GH"},{"id":"shell-10124858","name":"LA ANGRE 7eme TRANCHE","brand":"shell","country_code":"CI","lat":5.384831,"lng":-3.987779,"address":"Cocody Angre Café de Versailles","city":"COCODY","state":"ABIDJAN","postcode":"01 BP 1206","country":"Côte d'Ivoire","telephone":"+225 07 07 02 2762","fuels":["Unleaded 95","Diesel","Unleaded 98"],"amenities":["Fast Food","Convenience Store","Food Store","Toilets","Full Service","Lube Service","Brand Loyalty","Parking","Service Bay"],"payments":["Mobile Payment"],"open24Hours":false,"hours":null,"openStatusRaw":"closed","nextStatusChange":"2026-02-01T06:00:00.019Z","websiteUrl":"https://find.shell.com/ci/fuel/10124858-la-angre-7eme-tranche/en_GH"},{"id":"shell-10124427","name":"LATRILLE A","brand":"shell","country_code":"CI","lat":5.38115,"lng":-3.99379,"address":"Cocody Boulevards des Matyrs Mosqueé Aghien","city":"COCODY","state":"ABIDJAN","postcode":"15 BP 378","country":"Côte d'Ivoire","telephone":"+225 27 21 7 52727","fuels":["Unleaded 95","Diesel","Unleaded 98"],"amenities":["Fast Food","Convenience Store","Food Store","Self Service","Toilets","Full Service","Lube Service","Brand Loyalty","Mobile Payment","Other","Parking","Service Bay"],"payments":["Mobile Payment"],"open24Hours":false,"hours":null,"openStatusRaw":"closed","nextStatusChange":"2026-02-01T06:00:00.053Z","websiteUrl":"https://find.shell.com/ci/fuel/10124427-latrille-a/en_GH"},{"id":"shell-10124382","name":"RO ANGRE bd latrille","brand":"shell","country_code":"CI","lat":5.40468,"lng":-3.99053,"address":"Cocody Angre Boulevard Latrille","city":"COCODY","state":"ABIDJAN","postcode":"13 BP 2124","country":"Côte d'Ivoire","telephone":"+225 07 07 13 0969","fuels":["Unleaded 95","Diesel","Unleaded 98"],"amenities":["Convenience Store","Toilets","Full Service","Lube Service","Brand Loyalty","Parking","Service Bay"],"payments":["Mobile Payment"],"open24Hours":false,"hours":null,"openStatusRaw":"closed","nextStatusChange":"2026-02-01T06:00:00.069Z","websiteUrl":"https://find.shell.com/ci/fuel/10124382-ro-angre-bd-latrille/en_GH"},{"id":"shell-10124417","name":"LATRILLE B","brand":"shell","country_code":"CI","lat":5.37795,"lng":-3.99736,"address":"Cocody Boulevards des Matyrs carrefour Duncan","city":"COCODY","state":"ABIDJAN","postcode":"17 BP 210","country":"Côte d'Ivoire","telephone":"+225 07 07 05 5954","fuels":["Unleaded 95","Diesel","Unleaded 98"],"amenities":["ATM","Convenience Store","Car Wash","Food Store","Self Service","Toilets","Full Service","Lube Service","Fast Food","Brand Loyalty","Mobile Payment","Parking","Service Bay","Other"],"payments":["Mobile Payment"],"open24Hours":false,"hours":null,"openStatusRaw":"closed","nextStatusChange":"2026-02-01T06:00:00.139Z","websiteUrl":"https://find.shell.com/ci/fuel/10124417-latrille-b/en_GH"},{"id":"shell-10124430","name":"LA ABOBO ROUTE ALEPE","brand":"shell","country_code":"CI","lat":5.42111,"lng":-3.99033,"address":"Abobo Baoulé Route Alépé","city":"ABOBO","state":"ABIDJAN","postcode":"12 BP 2340","country":"Côte d'Ivoire","telephone":"+225 01 40 01 1781","fuels":["Unleaded 95","Diesel","Unleaded 98"],"amenities":["Convenience Store","Toilets","Full Service","Lube Service","Brand Loyalty","Parking","Service Bay"],"payments":["Mobile Payment"],"open24Hours":false,"hours":null,"openStatusRaw":"closed","nextStatusChange":"2026-02-01T06:00:00.208Z","websiteUrl":"https://find.shell.com/ci/fuel/10124430-la-abobo-route-alepe/en_GH"},{"id":"shell-10130122","name":"DELTA EHUASSO","brand":"shell","country_code":"CI","lat":6.32791,"lng":-3.44157,"address":"ZARANOU ","city":"ZARANOU","state":"ZARANOU","postcode":"","country":"Côte d'Ivoire","telephone":"+225 07 08 03 7153","fuels":["Unleaded 98","Diesel"],"amenities":["Convenience Store","Toilets","Full Service","Lube Service","Brand Loyalty","Parking","Service Bay"],"payments":["Mobile Payment"],"open24Hours":false,"hours":null,"openStatusRaw":"closed","nextStatusChange":"2026-02-01T06:00:00.721Z","websiteUrl":"https://find.shell.com/ci/fuel/10130122-delta-ehuasso/en_GH"},{"id":"shell-10124556","name":"ADZOPE","brand":"shell","country_code":"CI","lat":6.099202,"lng":-3.858045,"address":"Adzopé","city":"ADZOPE","state":"ADZOPE","postcode":"15 BP 378","country":"Côte d'Ivoire","telephone":"+225 07 07 80 9463","fuels":["Unleaded 95","Diesel","Unleaded 98"],"amenities":["Convenience Store","Toilets","Full Service","Lube Service","Brand Loyalty","Parking","Service Bay"],"payments":["Mobile Payment"],"open24Hours":false,"hours":null,"openStatusRaw":"closed","nextStatusChange":"2026-02-01T06:00:00.435Z","websiteUrl":"https://find.shell.com/ci/fuel/10124556-adzope/en_GH"},{"id":"shell-10124450","name":"LA ABOBO KENNEDY","brand":"shell","country_code":"CI","lat":5.42132,"lng":-4.01014,"address":"Abobo Kennedy derrière la Mairie d'Abobo","city":"ABOBO","state":"ABIDJAN","postcode":"15 BP 378","country":"Côte d'Ivoire","telephone":"+225 01 01 03 2840","fuels":["Unleaded 95","Diesel","Unleaded 98"],"amenities":["Convenience Store","Toilets","Full Service","Lube Service","Brand Loyalty","Parking","Service Bay"],"payments":["Mobile Payment"],"open24Hours":false,"hours":null,"openStatusRaw":"closed","nextStatusChange":"2026-02-01T06:00:00.650Z","websiteUrl":"https://find.shell.com/ci/fuel/10124450-la-abobo-kennedy/en_GH"},{"id":"shell-10124574","name":"ABOBOTE","brand":"shell","country_code":"CI","lat":5.4117,"lng":-4.00619,"address":"Abobo Aboboté route non loin carrefour Samanké","city":"ABOBO","state":"ABIDJAN","postcode":"12 BP 2340","country":"Côte d'Ivoire","telephone":"+225 07 07 90 5482","fuels":["Unleaded 95","Diesel","Unleaded 98"],"amenities":["Convenience Store","Toilets","Full Service","Lube Service","Brand Loyalty","Parking","Service Bay"],"payments":["Mobile Payment"],"open24Hours":false,"hours":null,"openStatusRaw":"closed","nextStatusChange":"2026-02-01T06:00:00.668Z","websiteUrl":"https://find.shell.com/ci/fuel/10124574-abobote/en_GH"},{"id":"shell-10124404","name":"RO ABOBO CAMP COMMANDO","brand":"shell","country_code":"CI","lat":5.43104,"lng":-4.01987,"address":"Abobo Habitat Route camp commando","city":"ABOBO","state":"ABIDJAN","postcode":"11 BP 1453","country":"Côte d'Ivoire","telephone":"+225 01 01 05 6652","fuels":["Unleaded 95","Diesel","Unleaded 98"],"amenities":["Convenience Store","Toilets","Full Service","Lube Service","Brand Loyalty","Parking","Service Bay"],"payments":["Mobile Payment"],"open24Hours":false,"hours":null,"openStatusRaw":"closed","nextStatusChange":"2026-02-01T06:00:00.693Z","websiteUrl":"https://find.shell.com/ci/fuel/10124404-ro-abobo-camp-commando/en_GH"},{"id":"shell-10124419","name":"LA ABOBOTE","brand":"shell","country_code":"CI","lat":5.40573,"lng":-4.00661,"address":"Aboboté route zoo face agence CIE","city":"ABOBO","state":"ABIDJAN","postcode":"15 BP 378","country":"Côte d'Ivoire","telephone":"+225 01 01 03 2840","fuels":["Unleaded 95","Diesel","Unleaded 98"],"amenities":["Convenience Store","Toilets","Full Service","Lube Service","Brand Loyalty","Parking","Service Bay"],"payments":["Mobile Payment"],"open24Hours":false,"hours":null,"openStatusRaw":"closed","nextStatusChange":"2026-02-01T06:00:00.711Z","websiteUrl":"https://find.shell.com/ci/fuel/10124419-la-abobote/en_GH"},{"id":"shell-10124562","name":"ANYAMA GARE","brand":"shell","country_code":"CI","lat":5.49505,"lng":-4.05151,"address":"Anyama Gare Routière","city":"ANYAMA","state":"ANYAMA","postcode":"15 BP 378","country":"Côte d'Ivoire","telephone":"+225 01 53 60 0153","fuels":["Unleaded 95","Diesel","Unleaded 98"],"amenities":["Convenience Store","Toilets","Full Service","Lube Service","Brand Loyalty","Parking","Service Bay"],"payments":["Mobile Payment"],"open24Hours":false,"hours":null,"openStatusRaw":"closed","nextStatusChange":"2026-02-01T06:00:00.747Z","websiteUrl":"https://find.shell.com/ci/fuel/10124562-anyama-gare/en_GH"},{"id":"shell-10124553","name":"ANYAMA MALINDI","brand":"shell","country_code":"CI","lat":5.49466,"lng":-4.05141,"address":"Anyama Gare Routière","city":"ANYAMA","state":"ANYAMA","postcode":"15 BP 378","country":"Côte d'Ivoire","telephone":"+225 01 53 60 0153","fuels":["Unleaded 95","Diesel","Unleaded 98"],"amenities":["Convenience Store","Toilets","Full Service","Lube Service","Brand Loyalty","Parking","Service Bay"],"payments":["Mobile Payment"],"open24Hours":false,"hours":null,"openStatusRaw":"closed","nextStatusChange":"2026-02-01T06:00:00.765Z","websiteUrl":"https://find.shell.com/ci/fuel/10124553-anyama-malindi/en_GH"},{"id":"shell-10130089","name":"ANYAMA CORRIDOR","brand":"shell","country_code":"CI","lat":5.51328,"lng":-4.05942,"address":"Anyama ","city":"ANYAMA","state":"ANYAMA","postcode":"15 BP 378","country":"Côte d'Ivoire","telephone":"+225 05 44 18 7413","fuels":["Unleaded 98","Diesel"],"amenities":["Convenience Store","Toilets","Full Service","Lube Service","Brand Loyalty","Parking","Service Bay"],"payments":["Mobile Payment"],"open24Hours":false,"hours":null,"openStatusRaw":"closed","nextStatusChange":"2026-02-01T06:00:00.782Z","websiteUrl":"https://find.shell.com/ci/fuel/10130089-anyama-corridor/en_GH"},{"id":"shell-10124390","name":"RO ABOBO ROUTE ANYAMA","brand":"shell","country_code":"CI","lat":5.43765,"lng":-4.03329,"address":"Abobo dépot SOTRA route Anyama","city":"ABOBO","state":"ABIDJAN","postcode":"03 BP 370","country":"Côte d'Ivoire","telephone":"+225 07 47 63 6745","fuels":["Unleaded 95","Diesel","Unleaded 98"],"amenities":["Convenience Store","Toilets","Full Service","Lube Service","Brand Loyalty","Parking","Service Bay"],"payments":["Mobile Payment"],"open24Hours":false,"hours":null,"openStatusRaw":"closed","nextStatusChange":"2026-02-01T06:00:00.834Z","websiteUrl":"https://find.shell.com/ci/fuel/10124390-ro-abobo-route-anyama/en_GH"},{"id":"shell-10124575","name":"ABOBO DEPOT SOTRA","brand":"shell","country_code":"CI","lat":5.437,"lng":-4.03317,"address":"Abobo Avocatier face dépôt SOTRA","city":"ABOBO","state":"ABIDJAN","postcode":"03 BP 370","country":"Côte d'Ivoire","telephone":"+225 07 47 63 6745","fuels":["Unleaded 95","Diesel","Unleaded 98"],"amenities":["Convenience Store","Toilets","Full Service","Lube Service","Brand Loyalty","Parking","Service Bay"],"payments":["Mobile Payment"],"open24Hours":false,"hours":null,"openStatusRaw":"closed","nextStatusChange":"2026-02-01T06:00:00.852Z","websiteUrl":"https://find.shell.com/ci/fuel/10124575-abobo-depot-sotra/en_GH"},{"id":"shell-10124576","name":"ABOBO","brand":"shell","country_code":"CI","lat":5.40048,"lng":-4.02052,"address":"Abobo Banco Voie Express non loin du Château d'Eau","city":"ABOBO","state":"ABIDJAN","postcode":"15 BP 378","country":"Côte d'Ivoire","telephone":"+225 01 01 03 2840","fuels":["Unleaded 95","Diesel","Unleaded 98"],"amenities":["Convenience Store","Self Service","Toilets","Full Service","Lube Service","Brand Loyalty","Mobile Payment","Parking","Service Bay"],"payments":["Mobile Payment"],"open24Hours":false,"hours":null,"openStatusRaw":"closed","nextStatusChange":"2026-02-01T06:00:00.905Z","websiteUrl":"https://find.shell.com/ci/fuel/10124576-abobo/en_GH"},{"id":"shell-10124397","name":"ROUTE D'ANYAMA","brand":"shell","country_code":"CI","lat":5.38331,"lng":-4.02195,"address":"Abobo Voie Express SONITRA","city":"ABOBO","state":"ABIDJAN","postcode":"15 BP 378","country":"Côte d'Ivoire","telephone":"+225 01 01 03 2840","fuels":["Unleaded 95","Diesel","Unleaded 98"],"amenities":["Convenience Store","Self Service","Toilets","Full Service","Lube Service","Brand Loyalty","Parking","Service Bay"],"payments":["Mobile Payment"],"open24Hours":false,"hours":null,"openStatusRaw":"closed","nextStatusChange":"2026-02-01T06:00:00.012Z","websiteUrl":"https://find.shell.com/ci/fuel/10124397-route-d-anyama/en_GH"},{"id":"shell-10124387","name":"ROUTE DU ZOO","brand":"shell","country_code":"CI","lat":5.36415,"lng":-4.01638,"address":"Adjamé williamsville Route du Zoo","city":"ADJAME","state":"ABIDJAN","postcode":"17 BP 210","country":"Côte d'Ivoire","telephone":"+225 07 07 05 5954","fuels":["Unleaded 95","Diesel","Unleaded 98"],"amenities":["Convenience Store","Toilets","Full Service","Lube Service","Brand Loyalty","Parking","Service Bay"],"payments":["Mobile Payment"],"open24Hours":false,"hours":null,"openStatusRaw":"closed","nextStatusChange":"2026-02-01T06:00:00.052Z","websiteUrl":"https://find.shell.com/ci/fuel/10124387-route-du-zoo/en_GH"},{"id":"shell-10124554","name":"220 LOGEMENTS","brand":"shell","country_code":"CI","lat":5.35241,"lng":-4.01689,"address":"Adjamé 220 logements","city":"ADJAME","state":"ABIDJAN","postcode":"09 BP 1866","country":"Côte d'Ivoire","telephone":"+225 05 05 05 2946","fuels":["Unleaded 95","Diesel","Unleaded 98"],"amenities":["Convenience Store","Toilets","Full Service","Lube Service","Brand Loyalty","Parking","Service Bay"],"payments":["Mobile Payment"],"open24Hours":false,"hours":null,"openStatusRaw":"closed","nextStatusChange":"2026-02-01T06:00:00.165Z","websiteUrl":"https://find.shell.com/ci/fuel/10124554-220-logements/en_GH"},{"id":"shell-10124426","name":"WILLIAMS 1","brand":"shell","country_code":"CI","lat":5.35491,"lng":-4.01913,"address":"Adjamé Boulevard DEGAULLE","city":"ADJAME","state":"ABIDJAN","postcode":"01 BP 1171","country":"Côte d'Ivoire","telephone":"+225 01 01 05 7090","fuels":["Unleaded 95","Diesel","Unleaded 98"],"amenities":["Convenience Store","Toilets","Full Service","Lube Service","Brand Loyalty","Parking","Service Bay"],"payments":["Mobile Payment"],"open24Hours":false,"hours":null,"openStatusRaw":"closed","nextStatusChange":"2026-02-01T06:00:00.202Z","websiteUrl":"https://find.shell.com/ci/fuel/10124426-williams-1/en_GH"},{"id":"shell-10124577","name":"ABENGOUROU MALINDI","brand":"shell","country_code":"CI","lat":6.72734,"lng":-3.49714,"address":"Abengourou Rue du Marché","city":"ABENGOUROU","state":"ABENGOUROU","postcode":"15 BP 378","country":"Côte d'Ivoire","telephone":"+225 01 53 60 0375","fuels":["Unleaded 95","Diesel","Unleaded 98"],"amenities":["Convenience Store","Toilets","Full Service","Lube Service","Brand Loyalty","Parking","Service Bay"],"payments":["Mobile Payment"],"open24Hours":false,"hours":null,"openStatusRaw":"closed","nextStatusChange":"2026-02-01T06:00:00.284Z","websiteUrl":"https://find.shell.com/ci/fuel/10124577-abengourou-malindi/en_GH"},{"id":"shell-10124850","name":"ABENGOUROU","brand":"shell","country_code":"CI","lat":6.72692,"lng":-3.49838,"address":"Abengourou Château d'Eau Route du Marché","city":"ABENGOUROU","state":"ABENGOUROU","postcode":"01 BP 26 B","country":"Côte d'Ivoire","telephone":"+225 07 07 61 8987","fuels":["Unleaded 95","Diesel","Unleaded 98"],"amenities":["Convenience Store","Toilets","Full Service","Lube Service","Brand Loyalty","Parking","Service Bay"],"payments":["Mobile Payment"],"open24Hours":false,"hours":null,"openStatusRaw":"closed","nextStatusChange":"2026-02-01T06:00:00.304Z","websiteUrl":"https://find.shell.com/ci/fuel/10124850-abengourou/en_GH"},{"id":"shell-10124865","name":"LA ABENGOUROU","brand":"shell","country_code":"CI","lat":6.72355,"lng":-3.50736,"address":"Abengourou route Abidjan","city":"ABENGOUROU","state":"ABENGOUROU","postcode":"01 BP 26 A","country":"Côte d'Ivoire","telephone":"+225 07 07 61 8987","fuels":["Unleaded 95","Diesel","Unleaded 98"],"amenities":["Convenience Store","Toilets","Full Service","Lube Service","Brand Loyalty","Parking","Service Bay"],"payments":["Mobile Payment"],"open24Hours":false,"hours":null,"openStatusRaw":"closed","nextStatusChange":"2026-02-01T06:00:00.325Z","websiteUrl":"https://find.shell.com/ci/fuel/10124865-la-abengourou/en_GH"},{"id":"shell-10130108","name":"AGBOVILLE","brand":"shell","country_code":"CI","lat":5.92863,"lng":-4.21186,"address":"Obodjikro","city":"AGBOVILLE","state":"AGBOVILLE","postcode":"08 BP 2714","country":"Côte d'Ivoire","telephone":"+225 07 08 32 9325","fuels":["Unleaded 98","Diesel"],"amenities":["Convenience Store","Toilets","Full Service","Lube Service","Brand Loyalty","Parking","Service Bay"],"payments":["Mobile Payment"],"open24Hours":false,"hours":null,"openStatusRaw":"closed","nextStatusChange":"2026-02-01T06:00:00.442Z","websiteUrl":"https://find.shell.com/ci/fuel/10130108-agboville/en_GH"},{"id":"shell-10124386","name":"LA ARRAH","brand":"shell","country_code":"CI","lat":6.67365,"lng":-3.97355,"address":"Arrah route Kotobi","city":"ARRAH","state":"ARRAH","postcode":"01 BP 39 A","country":"Côte d'Ivoire","telephone":"+225 07 09 39 6106","fuels":["Unleaded 95","Diesel","Unleaded 98"],"amenities":["Convenience Store","Toilets","Full Service","Lube Service","Brand Loyalty","Parking","Service Bay"],"payments":["Mobile Payment"],"open24Hours":false,"hours":null,"openStatusRaw":"closed","nextStatusChange":"2026-02-01T06:00:00.459Z","websiteUrl":"https://find.shell.com/ci/fuel/10124386-la-arrah/en_GH"},{"id":"shell-10124437","name":"LA ABOBO N'DOTRE","brand":"shell","country_code":"CI","lat":5.44392,"lng":-4.06924,"address":"Abobo N'dotré Route Agboville","city":"ABOBO","state":"ABIDJAN","postcode":"03 BP 370","country":"Côte d'Ivoire","telephone":"+225 01 02 38 8142","fuels":["Unleaded 95","Diesel","Unleaded 98"],"amenities":["Convenience Store","Food Store","Toilets","Full Service","Lube Service","Brand Loyalty","Other","Parking","Service Bay"],"payments":["Mobile Payment"],"open24Hours":false,"hours":null,"openStatusRaw":"closed","nextStatusChange":"2026-02-01T06:00:00.826Z","websiteUrl":"https://find.shell.com/ci/fuel/10124437-la-abobo-n-dotre/en_GH"},{"id":"shell-10124415","name":"WILLIAMS 2","brand":"shell","country_code":"CI","lat":5.36302,"lng":-4.02508,"address":"Adjamé Williamsville voie express Pont Piétons","city":"ADJAME","state":"ABIDJAN","postcode":"15 BP 378","country":"Côte d'Ivoire","telephone":"+225 27 21 7 52727","fuels":["Unleaded 95","Diesel","Unleaded 98"],"amenities":["Convenience Store","Toilets","Full Service","Lube Service","Brand Loyalty","Parking","Service Bay"],"payments":["Mobile Payment"],"open24Hours":false,"hours":null,"openStatusRaw":"closed","nextStatusChange":"2026-02-01T06:00:00.066Z","websiteUrl":"https://find.shell.com/ci/fuel/10124415-williams-2/en_GH"},{"id":"shell-10124541","name":"AO ADJAME MOSQUEE","brand":"shell","country_code":"CI","lat":5.355488,"lng":-4.026567,"address":"Adjamé Mosquée Boulevard Abrogoua","city":"ADJAME","state":"ABIDJAN","postcode":"15 BP 378","country":"Côte d'Ivoire","telephone":"+225 01 01 03 2840","fuels":["Unleaded 95","Diesel","Unleaded 98"],"amenities":["Convenience Store","Toilets","Full Service","Lube Service","Brand Loyalty","Parking","Service Bay"],"payments":["Mobile Payment"],"open24Hours":false,"hours":null,"openStatusRaw":"closed","nextStatusChange":"2026-02-01T06:00:00.148Z","websiteUrl":"https://find.shell.com/ci/fuel/10124541-ao-adjame-mosquee/en_GH"},{"id":"shell-10124890","name":"AGNIBILEKROU MALINDI","brand":"shell","country_code":"CI","lat":7.12855,"lng":-3.2016,"address":"Agnibilekro route de Bondoukou","city":"AGNIBILEKRO","state":"AGNIBILEKRO","postcode":"01 BP 26 B","country":"Côte d'Ivoire","telephone":"+225 07 07 61 8987","fuels":["Unleaded 95","Diesel","Unleaded 98"],"amenities":["Convenience Store","Toilets","Full Service","Lube Service","Brand Loyalty","Parking","Service Bay"],"payments":["Mobile Payment"],"open24Hours":false,"hours":null,"openStatusRaw":"closed","nextStatusChange":"2026-02-01T06:00:00.214Z","websiteUrl":"https://find.shell.com/ci/fuel/10124890-agnibilekrou-malindi/en_GH"},{"id":"shell-10124899","name":"AGNIBILEKRO","brand":"shell","country_code":"CI","lat":7.1302,"lng":-3.20142,"address":"Agnibilekro Route Bondokou","city":"AGNIBILEKRO","state":"AGNIBILEKRO","postcode":"01 BP 26 B","country":"Côte d'Ivoire","telephone":"+225 07 07 61 8987","fuels":["Unleaded 95","Diesel","Unleaded 98"],"amenities":["Convenience Store","Toilets","Full Service","Lube Service","Brand Loyalty","Parking","Service Bay"],"payments":["Mobile Payment"],"open24Hours":false,"hours":null,"openStatusRaw":"closed","nextStatusChange":"2026-02-01T06:00:00.233Z","websiteUrl":"https://find.shell.com/ci/fuel/10124899-agnibilekro/en_GH"},{"id":"shell-10124882","name":"DAOUKRO","brand":"shell","country_code":"CI","lat":7.05605,"lng":-3.96103,"address":"Daoukro Rue du Commerce","city":"DAOUKRO","state":"DAOUKRO","postcode":"BP 18 DAOU","country":"Côte d'Ivoire","telephone":"+225 01 53 60 0367","fuels":["Unleaded 95","Diesel","Unleaded 98"],"amenities":["Convenience Store","Toilets","Full Service","Lube Service","Brand Loyalty","Parking","Service Bay"],"payments":["Mobile Payment"],"open24Hours":false,"hours":null,"openStatusRaw":"closed","nextStatusChange":"2026-02-01T06:00:00.407Z","websiteUrl":"https://find.shell.com/ci/fuel/10124882-daoukro/en_GH"},{"id":"shell-10130074","name":"PO DAOUKRO","brand":"shell","country_code":"CI","lat":7.05796,"lng":-3.96052,"address":"Daoukro","city":"DAOUKRO","state":"DAOUKRO","postcode":"N/A","country":"Côte d'Ivoire","telephone":"+225 07 07 15 0220","fuels":["Unleaded 98","Diesel"],"amenities":["Convenience Store","Toilets","Full Service","Lube Service","Brand Loyalty","Parking","Service Bay"],"payments":["Mobile Payment"],"open24Hours":false,"hours":null,"openStatusRaw":"closed","nextStatusChange":"2026-02-01T06:00:00.426Z","websiteUrl":"https://find.shell.com/ci/fuel/10130074-po-daoukro/en_GH"},{"id":"shell-10124868","name":"DO ABOUDE MANDEKE","brand":"shell","country_code":"CI","lat":5.897684,"lng":-4.539918,"address":"Aboudé Mandéké","city":"ABOUDE","state":"ABOUDE","postcode":"01 BP 45 B","country":"Côte d'Ivoire","telephone":"+225 07 07 57 3380","fuels":["Unleaded 95","Diesel","Unleaded 98"],"amenities":["Convenience Store","Toilets","Full Service","Lube Service","Brand Loyalty","Parking","Service Bay"],"payments":["Mobile Payment"],"open24Hours":false,"hours":null,"openStatusRaw":"closed","nextStatusChange":"2026-02-01T06:00:00.802Z","websiteUrl":"https://find.shell.com/ci/fuel/10124868-do-aboude-mandeke/en_GH"},{"id":"shell-10124879","name":"TANDA","brand":"shell","country_code":"CI","lat":7.80124,"lng":-3.16684,"address":"Tanda centre ville","city":"TANDA","state":"TANDA","postcode":"01 BP 6 SO","country":"Côte d'Ivoire","telephone":"+225 01 53 60 0372","fuels":["Unleaded 95","Diesel","Unleaded 98"],"amenities":["Convenience Store","Toilets","Full Service","Lube Service","Brand Loyalty","Parking","Service Bay"],"payments":["Mobile Payment"],"open24Hours":false,"hours":null,"openStatusRaw":"closed","nextStatusChange":"2026-02-01T06:00:00.025Z","websiteUrl":"https://find.shell.com/ci/fuel/10124879-tanda/en_GH"},{"id":"shell-10130115","name":"DIMBOKRO","brand":"shell","country_code":"CI","lat":6.65668,"lng":-4.74173,"address":"Dimbokro ","city":"DIMBOKRO","state":"DIMBOKRO","postcode":"15 BP 378","country":"Côte d'Ivoire","telephone":"+225 07 48 86 7455","fuels":["Unleaded 98","Diesel"],"amenities":["Convenience Store","Toilets","Full Service","Lube Service","Brand Loyalty","Parking","Service Bay"],"payments":["Mobile Payment"],"open24Hours":false,"hours":null,"openStatusRaw":"closed","nextStatusChange":"2026-02-01T06:00:00.529Z","websiteUrl":"https://find.shell.com/ci/fuel/10130115-dimbokro/en_GH"},{"id":"shell-10124502","name":"BONDOUKOU 1","brand":"shell","country_code":"CI","lat":8.01469,"lng":-2.81683,"address":"Bondoukou Rue du Commerce","city":"BONDOUKOU","state":"BONDOUKOU","postcode":"15 BP 378","country":"Côte d'Ivoire","telephone":"07071414157","fuels":["Unleaded 95","Diesel","Unleaded 98"],"amenities":["Convenience Store","Toilets","Full Service","Lube Service","Brand Loyalty","Parking","Service Bay"],"payments":["Mobile Payment"],"open24Hours":false,"hours":null,"openStatusRaw":"closed","nextStatusChange":"2026-02-01T06:00:00.584Z","websiteUrl":"https://find.shell.com/ci/fuel/10124502-bondoukou-1/en_GH"},{"id":"shell-10124483","name":"BONDOUKOU 3","brand":"shell","country_code":"CI","lat":8.014999,"lng":-2.816887,"address":"Bondoukou","city":"BONDOUKOU","state":"BONDOUKOU","postcode":"15 BP 378","country":"Côte d'Ivoire","telephone":"07072501934","fuels":["Unleaded 95","Diesel","Unleaded 98"],"amenities":["Convenience Store","Toilets","Full Service","Lube Service","Brand Loyalty","Parking","Service Bay"],"payments":["Mobile Payment"],"open24Hours":false,"hours":null,"openStatusRaw":"closed","nextStatusChange":"2026-02-01T06:00:00.601Z","websiteUrl":"https://find.shell.com/ci/fuel/10124483-bondoukou-3/en_GH"},{"id":"shell-10124520","name":"DO SATAMA SOKOURA","brand":"shell","country_code":"CI","lat":7.90027,"lng":-4.362345,"address":"Satama Sokoura , près du Centre Santé Urbain (CSU)","city":"SATAMA SOKOURA","state":"SATAMA SOKOURA","postcode":"01 BP 38 S","country":"Côte d'Ivoire","telephone":"+225 27 21 7 52727","fuels":["Unleaded 95","Diesel","Unleaded 98"],"amenities":["Convenience Store","Toilets","Full Service","Lube Service","Brand Loyalty","Parking","Service Bay"],"payments":["Mobile Payment"],"open24Hours":false,"hours":null,"openStatusRaw":"closed","nextStatusChange":"2026-02-01T06:00:00.621Z","websiteUrl":"https://find.shell.com/ci/fuel/10124520-do-satama-sokoura/en_GH"},{"id":"shell-10124527","name":"BASSAM","brand":"shell","country_code":"CI","lat":8.03928,"lng":-2.79978,"address":"Bassam gare , face agence Ecobank","city":"BASSAM","state":"BASSAM","postcode":"15 BP 378","country":"Côte d'Ivoire","telephone":"+225 01 53 60 0156","fuels":["Unleaded 95","Diesel","Unleaded 98"],"amenities":["Convenience Store","Toilets","Full Service","Lube Service","Brand Loyalty","Parking","Service Bay"],"payments":["Mobile Payment"],"open24Hours":false,"hours":null,"openStatusRaw":"closed","nextStatusChange":"2026-02-01T06:00:00.641Z","websiteUrl":"https://find.shell.com/ci/fuel/10124527-bassam/en_GH"},{"id":"shell-10124492","name":"BONDOUKOU 2","brand":"shell","country_code":"CI","lat":8.03973,"lng":-2.79584,"address":"Boudoukou Route deSoko","city":"BONDOUKOU","state":"BONDOUKOU","postcode":"15 BP 378","country":"Côte d'Ivoire","telephone":"+225 01 53 60 0150","fuels":["Unleaded 95","Diesel","Unleaded 98"],"amenities":["Convenience Store","Toilets","Full Service","Lube Service","Brand Loyalty","Parking","Service Bay"],"payments":["Mobile Payment"],"open24Hours":false,"hours":null,"openStatusRaw":"closed","nextStatusChange":"2026-02-01T06:00:00.660Z","websiteUrl":"https://find.shell.com/ci/fuel/10124492-bondoukou-2/en_GH"},{"id":"shell-10124446","name":"TOUMODI 2","brand":"shell","country_code":"CI","lat":6.55699,"lng":-5.01805,"address":"Toumodi Route de Abidjan","city":"TOUMODI","state":"TOUMODI","postcode":"15 BP 378","country":"Côte d'Ivoire","telephone":"+225 01 53 60 0144","fuels":["Unleaded 95","Diesel","Unleaded 98"],"amenities":["Fast Food","Convenience Store","Food Store","Toilets","Full Service","Lube Service","Brand Loyalty","Parking","Service Bay"],"payments":["Mobile Payment"],"open24Hours":false,"hours":null,"openStatusRaw":"closed","nextStatusChange":"2026-02-01T06:00:00.817Z","websiteUrl":"https://find.shell.com/ci/fuel/10124446-toumodi-2/en_GH"},{"id":"shell-10124456","name":"TOUMODI 1","brand":"shell","country_code":"CI","lat":6.5576,"lng":-5.01856,"address":"Toumodi Route de Yamoussoukro","city":"TOUMODI","state":"TOUMODI","postcode":"15 BP 378","country":"Côte d'Ivoire","telephone":"+225 01 53 60 0144","fuels":["Unleaded 95","Diesel","Unleaded 98"],"amenities":["Convenience Store","Toilets","Full Service","Lube Service","Brand Loyalty","Parking","Service Bay"],"payments":["Mobile Payment"],"open24Hours":false,"hours":null,"openStatusRaw":"closed","nextStatusChange":"2026-02-01T06:00:00.836Z","websiteUrl":"https://find.shell.com/ci/fuel/10124456-toumodi-1/en_GH"},{"id":"shell-10130098","name":"AUTO.NORD CRFOUR TOUMO 2","brand":"shell","country_code":"CI","lat":6.501,"lng":-5.011,"address":"Autoroute Nord Carrefour Toumodi après échangeur vers Abidjan","city":"TOUMODI","state":"TOUMODI","postcode":"15 BP 378 ","country":"Côte d'Ivoire","telephone":"+225 07 09 66 2350","fuels":["Unleaded 98","Diesel"],"amenities":["Fast Food","Convenience Store","Food Store","Toilets","Full Service","Lube Service","Brand Loyalty","Parking","Service Bay"],"payments":["Mobile Payment"],"open24Hours":false,"hours":null,"openStatusRaw":"closed","nextStatusChange":"2026-02-01T06:00:00.855Z","websiteUrl":"https://find.shell.com/ci/fuel/10130098-auto-nord-crfour-toumo-2/en_GH"},{"id":"shell-10124490","name":"AUTOROUTE DU CARREFOUR TOUMODI","brand":"shell","country_code":"CI","lat":6.5415,"lng":-5.03427,"address":"Autoroute du Nord après l'échangeur de Toumodisens Abidjan","city":"TOUMODI","state":"TOUMODI","postcode":"25 Bp 483","country":"Côte d'Ivoire","telephone":"+225 07 49 67 9066","fuels":["Unleaded 95","Diesel","Unleaded 98"],"amenities":["Fast Food","Convenience Store","Food Store","Toilets","Full Service","Lube Service","Brand Loyalty","Parking","Service Bay"],"payments":["Mobile Payment"],"open24Hours":false,"hours":null,"openStatusRaw":"closed","nextStatusChange":"2026-02-01T06:00:00.993Z","websiteUrl":"https://find.shell.com/ci/fuel/10124490-autoroute-du-carrefour-toumodi/en_GH"},{"id":"shell-10124529","name":"CO DABAKALA","brand":"shell","country_code":"CI","lat":8.362391,"lng":-4.427648,"address":"Dabakala","city":"DABAKALA","state":"DABAKALA","postcode":"01 BP 36 D","country":"Côte d'Ivoire","telephone":"+225 07 08 35 0051","fuels":["Unleaded 95","Diesel","Unleaded 98"],"amenities":["Convenience Store","Toilets","Full Service","Lube Service","Brand Loyalty","Parking","Service Bay"],"payments":["Mobile Payment"],"open24Hours":false,"hours":null,"openStatusRaw":"closed","nextStatusChange":"2026-02-01T06:00:00.212Z","websiteUrl":"https://find.shell.com/ci/fuel/10124529-co-dabakala/en_GH"},{"id":"shell-10124535","name":"KATIOLA","brand":"shell","country_code":"CI","lat":8.14062,"lng":-5.10145,"address":"Kayiola Nagnankaha route Ferké","city":"KATIOLA","state":"KATIOLA","postcode":"01 BP 101","country":"Côte d'Ivoire","telephone":"+225 07 07 33 1533","fuels":["Unleaded 95","Diesel","Unleaded 98"],"amenities":["Convenience Store","Toilets","Full Service","Lube Service","Brand Loyalty","Parking","Service Bay"],"payments":["Mobile Payment"],"open24Hours":false,"hours":null,"openStatusRaw":"closed","nextStatusChange":"2026-02-01T06:00:00.012Z","websiteUrl":"https://find.shell.com/ci/fuel/10124535-katiola/en_GH"},{"id":"shell-10130136","name":"DO KATIOLA CAFOP","brand":"shell","country_code":"CI","lat":8.148,"lng":-5.107,"address":"Katiola ","city":"KATIOLA","state":"KATIOLA","postcode":"15 BP 378","country":"Côte d'Ivoire","telephone":"+225 05 05 70 7012","fuels":["Unleaded 98","Diesel"],"amenities":["Convenience Store","Toilets","Full Service","Lube Service","Brand Loyalty","Parking","Service Bay"],"payments":["Mobile Payment"],"open24Hours":false,"hours":null,"openStatusRaw":"closed","nextStatusChange":"2026-02-01T06:00:00.036Z","websiteUrl":"https://find.shell.com/ci/fuel/10130136-do-katiola-cafop/en_GH"},{"id":"shell-10124842","name":"DO BOUAKE BELLEVILLE","brand":"shell","country_code":"CI","lat":7.710927,"lng":-5.00364,"address":"Bouaké Belleville","city":"BOUAKE","state":"BOUAKE","postcode":"01 BP 45 B","country":"Côte d'Ivoire","telephone":"+225 07 07 57 3380","fuels":["Unleaded 95","Diesel","Unleaded 98"],"amenities":["Convenience Store","Toilets","Full Service","Lube Service","Brand Loyalty","Parking","Service Bay"],"payments":["Mobile Payment"],"open24Hours":false,"hours":null,"openStatusRaw":"closed","nextStatusChange":"2026-02-01T06:00:00.102Z","websiteUrl":"https://find.shell.com/ci/fuel/10124842-do-bouake-belleville/en_GH"},{"id":"shell-10124536","name":"DO BOUAKE ROUTE KATIOLA","brand":"shell","country_code":"CI","lat":7.77641,"lng":-5.039595,"address":"Bouaké Route Katiola","city":"BOUAKE","state":"BOUAKE","postcode":"01 BP 372","country":"Côte d'Ivoire","telephone":"+225 05 04 32 6868","fuels":["Unleaded 95","Diesel","Unleaded 98"],"amenities":["Convenience Store","Toilets","Full Service","Lube Service","Brand Loyalty","Parking","Service Bay"],"payments":["Mobile Payment"],"open24Hours":false,"hours":null,"openStatusRaw":"closed","nextStatusChange":"2026-02-01T06:00:00.143Z","websiteUrl":"https://find.shell.com/ci/fuel/10124536-do-bouake-route-katiola/en_GH"},{"id":"shell-10130093","name":"DO BOUAKE MINANKRO","brand":"shell","country_code":"CI","lat":7.7605,"lng":-5.0391,"address":"Autoroute du Nord Bouaké Minankro","city":"BOUAKE","state":"BOUAKE","postcode":"15 BP 378 ","country":"Côte d'Ivoire","telephone":"+225 01 72 38 5080","fuels":["Unleaded 98","Diesel"],"amenities":["Convenience Store","Toilets","Full Service","Lube Service","Brand Loyalty","Parking","Service Bay"],"payments":["Mobile Payment"],"open24Hours":false,"hours":null,"openStatusRaw":"closed","nextStatusChange":"2026-02-01T06:00:00.163Z","websiteUrl":"https://find.shell.com/ci/fuel/10130093-do-bouake-minankro/en_GH"},{"id":"shell-10124496","name":"DO TAFIRE","brand":"shell","country_code":"CI","lat":9.069969,"lng":-5.161636,"address":"Tafiré centre ville","city":"TAFIRÉ","state":"TAFIRÉ","postcode":"01 BP 504","country":"Côte d'Ivoire","telephone":"+225 07 07 74 9532","fuels":["Unleaded 95","Diesel","Unleaded 98"],"amenities":["Convenience Store","Toilets","Full Service","Lube Service","Brand Loyalty","Parking","Service Bay"],"payments":["Mobile Payment"],"open24Hours":false,"hours":null,"openStatusRaw":"closed","nextStatusChange":"2026-02-01T06:00:00.184Z","websiteUrl":"https://find.shell.com/ci/fuel/10124496-do-tafire/en_GH"},{"id":"shell-10124482","name":"BOUAKE ROUTE M'BAHAIKRO","brand":"shell","country_code":"CI","lat":7.69029,"lng":-5.01931,"address":"Bouaké Route M'bahiakro","city":"BOUAKE","state":"BOUAKE","postcode":"15 BP 378","country":"Côte d'Ivoire","telephone":"+225 01 53 60 0144","fuels":["Unleaded 95","Diesel","Unleaded 98"],"amenities":["Convenience Store","Toilets","Full Service","Lube Service","Brand Loyalty","Parking","Service Bay"],"payments":["Mobile Payment"],"open24Hours":false,"hours":null,"openStatusRaw":"closed","nextStatusChange":"2026-02-01T06:00:00.225Z","websiteUrl":"https://find.shell.com/ci/fuel/10124482-bouake-route-m-bahaikro/en_GH"},{"id":"shell-10124524","name":"BOUAKE KAMANOUKRO","brand":"shell","country_code":"CI","lat":7.70212,"lng":-5.02827,"address":"Bouaké KamanoukroAutoroute du Nord","city":"BOUAKE","state":"BOUAKE","postcode":"15 BP 378","country":"Côte d'Ivoire","telephone":"+225 01 53 60 0144","fuels":["Unleaded 95","Diesel","Unleaded 98"],"amenities":["Convenience Store","Toilets","Full Service","Lube Service","Brand Loyalty","Parking","Service Bay"],"payments":["Mobile Payment"],"open24Hours":false,"hours":null,"openStatusRaw":"closed","nextStatusChange":"2026-02-01T06:00:00.266Z","websiteUrl":"https://find.shell.com/ci/fuel/10124524-bouake-kamanoukro/en_GH"},{"id":"shell-10124544","name":"BOUAKE ELEPHANT","brand":"shell","country_code":"CI","lat":7.68959,"lng":-5.02288,"address":"Bouake Gare Routière Route M'bahiakro","city":"BOUAKE","state":"BOUAKE","postcode":"15 BP 378","country":"Côte d'Ivoire","telephone":"+225 01 53 60 0144","fuels":["Unleaded 95","Diesel","Unleaded 98"],"amenities":["Convenience Store","Toilets","Full Service","Lube Service","Brand Loyalty","Parking","Service Bay"],"payments":["Mobile Payment"],"open24Hours":false,"hours":null,"openStatusRaw":"closed","nextStatusChange":"2026-02-01T06:00:00.286Z","websiteUrl":"https://find.shell.com/ci/fuel/10124544-bouake-elephant/en_GH"},{"id":"shell-10124491","name":"BOUAKE ROUTE KATIOLA","brand":"shell","country_code":"CI","lat":7.69816,"lng":-5.0276,"address":"Bouaké Autoroute du Nord","city":"BOUAKE","state":"BOUAKE","postcode":"15 BP 378","country":"Côte d'Ivoire","telephone":"+225 01 53 60 0144","fuels":["Unleaded 95","Diesel","Unleaded 98"],"amenities":["Convenience Store","Toilets","Full Service","Lube Service","Brand Loyalty","Parking","Service Bay"],"payments":["Mobile Payment"],"open24Hours":false,"hours":null,"openStatusRaw":"closed","nextStatusChange":"2026-02-01T06:00:00.308Z","websiteUrl":"https://find.shell.com/ci/fuel/10124491-bouake-route-katiola/en_GH"},{"id":"shell-10124560","name":"DO BOUAKE COMMERCE","brand":"shell","country_code":"CI","lat":7.686723,"lng":-5.026647,"address":"Bouaké quartier commerce","city":"BOUAKE","state":"BOUAKE","postcode":"01 BP 2487","country":"Côte d'Ivoire","telephone":"+225 05 05 03 0137","fuels":["Unleaded 95","Diesel","Unleaded 98"],"amenities":["Convenience Store","Toilets","Full Service","Lube Service","Brand Loyalty","Parking","Service Bay"],"payments":["Mobile Payment"],"open24Hours":false,"hours":null,"openStatusRaw":"closed","nextStatusChange":"2026-02-01T06:00:00.328Z","websiteUrl":"https://find.shell.com/ci/fuel/10124560-do-bouake-commerce/en_GH"},{"id":"shell-10130079","name":"SA FERKEEDOUGOU","brand":"shell","country_code":"CI","lat":9.622,"lng":-5.187,"address":"Ferke ","city":"FERKE","state":"FERKE","postcode":"15 BP 378 ","country":"Côte d'Ivoire","telephone":"+225 07 08 34 5510","fuels":["Unleaded 98","Diesel"],"amenities":["Convenience Store","Toilets","Full Service","Lube Service","Brand Loyalty","Parking","Service Bay"],"payments":["Mobile Payment"],"open24Hours":false,"hours":null,"openStatusRaw":"closed","nextStatusChange":"2026-02-01T06:00:00.516Z","websiteUrl":"https://find.shell.com/ci/fuel/10130079-sa-ferkeedougou/en_GH"},{"id":"shell-10124537","name":"FERKE","brand":"shell","country_code":"CI","lat":9.59806,"lng":-5.19425,"address":"Feké Autoroute du Nord","city":"FERKE","state":"FERKE","postcode":"01 BP 542","country":"Côte d'Ivoire","telephone":"+225 07 47 10 0052","fuels":["Unleaded 95","Diesel","Unleaded 98"],"amenities":["Convenience Store","Toilets","Full Service","Lube Service","Brand Loyalty","Parking","Service Bay"],"payments":["Mobile Payment"],"open24Hours":false,"hours":null,"openStatusRaw":"closed","nextStatusChange":"2026-02-01T06:00:00.535Z","websiteUrl":"https://find.shell.com/ci/fuel/10124537-ferke/en_GH"},{"id":"shell-10124472","name":"LA FERKE","brand":"shell","country_code":"CI","lat":9.59704,"lng":-5.19492,"address":"Feké Autoroute du Nord","city":"FERKE","state":"FERKE","postcode":"15 BP 378 ","country":"Côte d'Ivoire","telephone":"+225 01 53 60 0145","fuels":["Unleaded 95","Diesel","Unleaded 98"],"amenities":["Convenience Store","Toilets","Full Service","Lube Service","Brand Loyalty","Parking","Service Bay"],"payments":["Mobile Payment"],"open24Hours":false,"hours":null,"openStatusRaw":"closed","nextStatusChange":"2026-02-01T06:00:00.555Z","websiteUrl":"https://find.shell.com/ci/fuel/10124472-la-ferke/en_GH"},{"id":"shell-10124526","name":"FERKE 2","brand":"shell","country_code":"CI","lat":9.59612,"lng":-5.19542,"address":"Feké Autoroute du Nord","city":"FERKE","state":"FERKE","postcode":"01 BP 79 F","country":"Côte d'Ivoire","telephone":"+225 07 08 87 7287","fuels":["Unleaded 95","Diesel","Unleaded 98"],"amenities":["Convenience Store","Toilets","Full Service","Lube Service","Brand Loyalty","Parking","Service Bay"],"payments":["Mobile Payment"],"open24Hours":false,"hours":null,"openStatusRaw":"closed","nextStatusChange":"2026-02-01T06:00:00.574Z","websiteUrl":"https://find.shell.com/ci/fuel/10124526-ferke-2/en_GH"},{"id":"shell-10130082","name":"DO LALERABA","brand":"shell","country_code":"CI","lat":10.15832,"lng":-5.07475,"address":"Laleraba ","city":"LALERABA","state":"LALERABA","postcode":"15 BP 378 ","country":"Côte d'Ivoire","telephone":"+225 07 08 64 8598","fuels":["Unleaded 98","Diesel"],"amenities":["Convenience Store","Toilets","Full Service","Lube Service","Brand Loyalty","Parking","Service Bay"],"payments":["Mobile Payment"],"open24Hours":false,"hours":null,"openStatusRaw":"closed","nextStatusChange":"2026-02-01T06:00:00.608Z","websiteUrl":"https://find.shell.com/ci/fuel/10130082-do-laleraba/en_GH"},{"id":"shell-10124470","name":"DO OUANGOLO","brand":"shell","country_code":"CI","lat":9.956331,"lng":-5.16058,"address":"Ouangolo, corridor Sud","city":"OUANGOLO","state":"OUANGOLO","postcode":"03 BP 27 O","country":"Côte d'Ivoire","telephone":"+225 07 07 05 7100","fuels":["Unleaded 95","Diesel","Unleaded 98"],"amenities":["Convenience Store","Toilets","Full Service","Lube Service","Brand Loyalty","Parking","Service Bay"],"payments":["Mobile Payment"],"open24Hours":false,"hours":null,"openStatusRaw":"closed","nextStatusChange":"2026-02-01T06:00:00.625Z","websiteUrl":"https://find.shell.com/ci/fuel/10124470-do-ouangolo/en_GH"},{"id":"shell-10124518","name":"CO OUANGOLO","brand":"shell","country_code":"CI","lat":9.968062,"lng":-5.157093,"address":"Ouangolo, centre ville","city":"OUANGOLO","state":"OUANGOLO","postcode":"01 BP 504","country":"Côte d'Ivoire","telephone":"+225 07 07 64 0674","fuels":["Unleaded 95","Diesel","Unleaded 98"],"amenities":["Convenience Store","Toilets","Full Service","Lube Service","Brand Loyalty","Parking","Service Bay"],"payments":["Mobile Payment"],"open24Hours":false,"hours":null,"openStatusRaw":"closed","nextStatusChange":"2026-02-01T06:00:00.640Z","websiteUrl":"https://find.shell.com/ci/fuel/10124518-co-ouangolo/en_GH"},{"id":"shell-10124545","name":"KANAWOLO","brand":"shell","country_code":"CI","lat":8.777467,"lng":-5.305061,"address":"Kanawolo","city":"KANAWOLO","state":"KANAWOLO","postcode":"15 BP 378 ","country":"Côte d'Ivoire","telephone":"+225 01 53 60 0145","fuels":["Unleaded 95","Diesel","Unleaded 98"],"amenities":["Convenience Store","Toilets","Full Service","Lube Service","Brand Loyalty","Parking","Service Bay"],"payments":["Mobile Payment"],"open24Hours":false,"hours":null,"openStatusRaw":"closed","nextStatusChange":"2026-02-01T06:00:00.690Z","websiteUrl":"https://find.shell.com/ci/fuel/10124545-kanawolo/en_GH"},{"id":"shell-10124493","name":"DO NTI NIAKARA","brand":"shell","country_code":"CI","lat":8.656624,"lng":-5.288501,"address":"Niakara","city":"NIAKARA","state":"NIAKARA","postcode":"01 BP 504","country":"Côte d'Ivoire","telephone":"+225 07 07 74 9532","fuels":["Unleaded 95","Diesel","Unleaded 98"],"amenities":["Convenience Store","Toilets","Full Service","Lube Service","Brand Loyalty","Parking","Service Bay"],"payments":["Mobile Payment"],"open24Hours":false,"hours":null,"openStatusRaw":"closed","nextStatusChange":"2026-02-01T06:00:00.715Z","websiteUrl":"https://find.shell.com/ci/fuel/10124493-do-nti-niakara/en_GH"}]